post_id,user_handle,date,title
1,johndoe,2024-10-12 02:54:30,Post Title 1
2,janedoe,2024-10-12 02:55:30,Post Title 2
3,johndoe,2024-10-12 02:56:30,Post Title 3
4,janedoe,2024-10-12 02:57:30,Post Title 4
5,johndoe,2024-10-12 02:58:30,Post Title 5
6,janedoe,2024-10-12 02:59:30,Post Title 6
7,johndoe,2024-10-12 03:00:30,Post Title 7
8,janedoe,2024-10-12 03:01:30,Post Title 8
9,johndoe,2024-10-12 03:02:30,Post Title 9
10,janedoe,2024-10-12 03:03:30,Post Title 10
11,johndoe,2024-10-12 03:04:30,Post Title 11
12,janedoe,2024-10-12 03:05:30,Post Title 12
13,johndoe,2024-10-12 03:06:30,Post Title 13
14,janedoe,2024-10-12 03:07:30,Post Title 14
15,johndoe,2024-10-12 03:08:30,Post Title 15
16,janedoe,2024-10-12 03:09:30,Post Title 16
17,johndoe,2024-10-12 03:10:30,Post Title 17
18,janedoe,2024-10-12 03:11:30,Post Title 18
19,johndoe,2024-10-12 03:12:30,Post Title 19
20,janedoe,2024-10-12 03:13:30,Post Title 20
21,johndoe,2024-10-12 03:04:30,Post Title 21
22,janedoe,2024-10-12 03:05:30,Post Title 22
23,johndoe,2024-10-12 03:06:30,Post Title 23
24,janedoe,2024-10-12 03:07:30,Post Title 24
25,johndoe,2024-10-12 03:08:30,Post Title 25
26,janedoe,2024-10-12 03:09:30,Post Title 26
27,johndoe,2024-10-12 03:10:30,Post Title 27
28,janedoe,2024-10-12 03:11:30,Post Title 28
29,johndoe,2024-10-12 03:12:30,Post Title 29
30,janedoe,2024-10-12 03:13:30,Post Title 30
